timestamp,aqi,pm25,pm10,no2,o3,co,so2,temp,humidity,wind
2025-12-03 17:49:16,5,78.7,87.3,1.2,131.02,374.46,2.65,28.1,69,1.03
2025-12-03 17:58:22,5,78.7,87.3,1.2,131.02,374.46,2.65,28.1,69,1.03
2025-12-03 17:59:49,5,77.26,85.6,1.12,131.08,367.24,2.57,28.1,69,1.03
2025-12-03 18:00:45,5,77.26,85.6,1.12,131.08,367.24,2.57,28.1,69,1.03
2025-12-03 18:03:25,5,77.26,85.6,1.12,131.08,367.24,2.57,28.1,69,1.03
2025-12-03 18:03:26,5,77.26,85.6,1.12,131.08,367.24,2.57,28.1,69,1.03
2025-12-03 18:03:39,5,77.26,85.6,1.12,131.08,367.24,2.57,28.1,69,1.03
2025-12-03 18:08:22,5,77.26,85.6,1.12,131.08,367.24,2.57,28.1,69,1.03
2025-12-03 18:13:22,5,77.26,85.6,1.12,131.08,367.24,2.57,28.1,69,1.03
2025-12-03 18:18:24,5,77.26,85.6,1.12,131.08,367.24,2.57,28.1,69,1.03
2025-12-03 19:53:30,5,81.83,91.19,1.11,129.78,404.46,2.17,26.1,83,1.03
2025-12-03 19:58:22,5,81.83,91.19,1.11,129.78,404.46,2.17,26.1,83,1.03
2025-12-03 20:03:22,5,81.83,91.19,1.11,129.78,404.46,2.17,26.1,83,1.03
2025-12-03 20:08:23,5,81.71,91.17,1.04,125.39,409.17,1.83,25.1,83,1.03
2025-12-03 20:13:21,5,81.71,91.17,1.04,125.39,409.17,1.83,25.1,83,1.03
2025-12-03 20:18:24,5,81.71,91.17,1.04,125.39,409.17,1.83,25.1,83,1.03
2025-12-03 20:23:24,5,81.71,91.17,1.04,125.39,409.17,1.83,25.1,83,1.03
2025-12-03 20:28:22,5,81.71,91.17,1.04,125.39,409.17,1.83,25.1,83,1.03
2025-12-03 20:33:22,5,81.71,91.17,1.04,125.39,409.17,1.83,25.1,83,1.03
2025-12-03 20:38:21,5,81.71,91.17,1.04,125.39,409.17,1.83,25.1,83,1.03
2025-12-03 20:43:23,5,81.71,91.17,1.04,125.39,409.17,1.83,25.1,83,1.03
2025-12-03 20:48:22,5,81.71,91.17,1.04,125.39,409.17,1.83,25.1,83,1.03
2025-12-03 20:53:22,5,81.71,91.17,1.04,125.39,409.17,1.83,25.1,83,1.03
2025-12-03 20:58:23,5,81.71,91.17,1.04,125.39,409.17,1.83,25.1,83,1.03
2025-12-03 21:03:22,5,81.71,91.17,1.04,125.39,409.17,1.83,25.1,83,1.03
2025-12-03 21:08:22,5,81.71,91.17,1.04,125.39,409.17,1.83,25.1,83,1.03
2025-12-03 21:13:24,5,81.85,91.57,1.08,118.26,420.27,1.54,24.1,94,1.03
2025-12-03 21:18:23,5,81.85,91.57,1.08,118.26,420.27,1.54,24.1,94,1.03
2025-12-03 21:23:22,5,81.85,91.57,1.08,118.26,420.27,1.54,24.1,94,1.03
2025-12-03 21:28:22,5,81.85,91.57,1.08,118.26,420.27,1.54,24.1,94,1.03
2025-12-03 21:33:22,5,81.85,91.57,1.08,118.26,420.27,1.54,24.1,94,1.03
2025-12-03 21:38:23,5,81.85,91.57,1.08,118.26,420.27,1.54,24.1,94,1.03
2025-12-03 21:43:22,5,81.85,91.57,1.08,118.26,420.27,1.54,24.1,94,1.03
2025-12-03 21:48:21,5,81.85,91.57,1.08,118.26,420.27,1.54,24.1,94,1.03
2025-12-03 21:53:22,5,81.85,91.57,1.08,118.26,420.27,1.54,24.1,94,1.03
2025-12-03 21:58:22,5,81.85,91.57,1.08,118.26,420.27,1.54,24.1,94,1.03
2025-12-03 22:03:27,5,80.81,90.71,1.17,109.49,427.02,1.31,24.1,94,1.03
2025-12-03 22:08:23,5,80.81,90.71,1.17,109.49,427.02,1.31,23.1,88,1.03
2025-12-03 22:13:24,5,80.81,90.71,1.17,109.49,427.02,1.31,23.1,88,1.03
2025-12-03 22:18:23,5,80.81,90.71,1.17,109.49,427.02,1.31,23.1,88,1.03
2025-12-03 22:23:23,5,80.81,90.71,1.17,109.49,427.02,1.31,23.1,88,1.03
2025-12-03 22:28:22,5,80.81,90.71,1.17,109.49,427.02,1.31,23.1,88,1.03
2025-12-03 22:33:24,5,80.81,90.71,1.17,109.49,427.02,1.31,23.1,88,1.03
2025-12-03 22:38:22,5,80.81,90.71,1.17,109.49,427.02,1.31,23.1,88,1.03
2025-12-03 22:43:22,5,80.81,90.71,1.17,109.49,427.02,1.31,23.1,88,1.03
2025-12-03 22:48:23,5,80.81,90.71,1.17,109.49,427.02,1.31,23.1,88,1.03
2025-12-03 22:53:24,5,80.81,90.71,1.17,109.49,427.02,1.31,23.1,88,1.03
2025-12-03 22:58:22,5,80.81,90.71,1.17,109.49,427.02,1.31,23.1,88,1.03
2025-12-03 23:03:23,5,80.81,90.71,1.17,109.49,427.02,1.31,23.1,88,1.03
2025-12-03 23:08:23,5,79.79,89.92,1.27,100.68,435.8,1.11,23.1,88,1.03
2025-12-04 02:14:23,4,69.92,80.31,1.7,68.94,450.59,0.69,21.54,78,1.75
2025-12-04 02:18:22,4,69.92,80.31,1.7,68.94,450.59,0.69,21.54,78,1.75
2025-12-04 02:23:22,4,69.92,80.31,1.7,68.94,450.59,0.69,21.54,78,1.75
2025-12-04 05:26:30,4,53.88,62.5,2.1,53.89,412.17,0.81,21.06,83,1.76
2025-12-04 05:28:22,4,53.88,62.5,2.1,53.89,412.17,0.81,21.06,83,1.76
2025-12-04 05:33:22,4,53.88,62.5,2.1,53.89,412.17,0.81,21.06,83,1.76
2025-12-04 08:38:07,3,49.75,58.25,3.14,49.12,419.02,1.54,21.1,94,2.57
2025-12-04 08:38:22,3,49.75,58.25,3.14,49.12,419.02,1.54,21.1,94,2.57
2025-12-04 08:43:22,3,49.75,58.25,3.14,49.12,419.02,1.54,21.1,94,2.57
2025-12-04 08:48:22,3,49.75,58.25,3.14,49.12,419.02,1.54,21.1,94,2.57
2025-12-04 08:56:19,3,49.75,58.25,3.14,49.12,419.02,1.54,21.1,94,2.57
2025-12-04 08:58:21,3,49.75,58.25,3.14,49.12,419.02,1.54,21.1,94,2.57
2025-12-04 09:03:22,4,51.67,60.51,2.73,57.59,422.52,1.73,21.1,94,2.57
2025-12-04 09:08:23,4,51.67,60.51,2.73,57.59,422.52,1.73,24.1,83,3.09
2025-12-04 09:13:21,4,51.67,60.51,2.73,57.59,422.52,1.73,24.1,83,3.09
2025-12-04 09:18:21,4,51.67,60.51,2.73,57.59,422.52,1.73,24.1,83,3.09
2025-12-04 09:23:21,4,51.67,60.51,2.73,57.59,422.52,1.73,24.1,83,3.09
2025-12-04 09:28:21,4,51.67,60.51,2.73,57.59,422.52,1.73,24.1,83,3.09
2025-12-04 09:33:21,4,51.67,60.51,2.73,57.59,422.52,1.73,24.1,83,3.09
2025-12-04 09:38:21,4,51.67,60.51,2.73,57.59,422.52,1.73,24.1,83,3.09
2025-12-04 09:43:22,4,51.67,60.51,2.73,57.59,422.52,1.73,25.1,73,4.12
2025-12-04 09:48:22,4,51.67,60.51,2.73,57.59,422.52,1.73,25.1,73,4.12
2025-12-04 09:53:21,4,51.67,60.51,2.73,57.59,422.52,1.73,25.1,73,4.12
2025-12-04 09:58:21,4,51.67,60.51,2.73,57.59,422.52,1.73,25.1,73,4.12
2025-12-04 10:03:23,4,55.5,64.54,1.94,73.29,415.33,1.85,25.1,73,4.12
2025-12-04 10:08:21,4,55.5,64.54,1.94,73.29,415.33,1.85,25.1,73,4.12
2025-12-04 10:13:22,4,55.5,64.54,1.94,73.29,415.33,1.85,25.1,73,4.12
2025-12-04 10:18:22,4,55.5,64.54,1.94,73.29,415.33,1.85,26.1,69,3.09
2025-12-04 10:23:22,4,55.5,64.54,1.94,73.29,415.33,1.85,26.1,69,3.09
2025-12-04 10:28:21,4,55.5,64.54,1.94,73.29,415.33,1.85,26.1,69,3.09
2025-12-04 10:33:24,4,55.5,64.54,1.94,73.29,415.33,1.85,26.1,69,3.09
2025-12-04 13:38:27,4,58.6,67.38,0.77,102.11,328.59,1.58,31.1,48,1.03
2025-12-04 13:43:22,4,58.6,67.38,0.77,102.11,328.59,1.58,31.1,48,1.03
2025-12-04 13:48:21,4,58.6,67.38,0.77,102.11,328.59,1.58,31.1,48,1.03
2025-12-04 15:48:17,4,54.56,62.24,0.63,101.77,271.23,1.48,33.1,52,2.06
2025-12-04 15:48:23,4,54.56,62.24,0.63,101.77,271.23,1.48,33.1,52,2.06
2025-12-04 15:53:23,4,54.56,62.24,0.63,101.77,271.23,1.48,33.1,52,2.06
2025-12-04 15:58:25,4,54.56,62.24,0.63,101.77,271.23,1.48,33.1,52,2.06
2025-12-04 16:03:24,4,54.56,62.24,0.63,101.77,271.23,1.48,33.1,52,2.06
2025-12-04 16:08:36,4,51.86,58.74,0.66,99.06,249.09,1.5,33.1,52,2.06
2025-12-04 16:13:24,4,51.86,58.74,0.66,99.06,249.09,1.5,33.1,52,2.06
2025-12-04 16:18:22,4,51.86,58.74,0.66,99.06,249.09,1.5,32.1,55,2.06
2025-12-04 16:23:23,4,51.86,58.74,0.66,99.06,249.09,1.5,32.1,55,2.06
2025-12-04 16:28:40,4,51.86,58.74,0.66,99.06,249.09,1.5,32.1,55,2.06
2025-12-04 16:33:23,4,51.86,58.74,0.66,99.06,249.09,1.5,32.1,55,2.06
2025-12-04 16:38:22,4,51.86,58.74,0.66,99.06,249.09,1.5,32.1,55,2.06
2025-12-04 16:43:23,4,51.86,58.74,0.66,99.06,249.09,1.5,32.1,55,2.06
2025-12-04 16:48:23,4,51.86,58.74,0.66,99.06,249.09,1.5,32.1,55,2.06
2025-12-04 16:53:22,4,51.86,58.74,0.66,99.06,249.09,1.5,32.1,55,2.06
2025-12-04 16:58:22,4,51.86,58.74,0.66,99.06,249.09,1.5,32.1,55,2.06
2025-12-04 17:03:24,3,49.69,55.79,0.7,96.2,234.5,1.52,32.1,55,2.06
2025-12-04 17:08:34,3,49.69,55.79,0.7,96.2,234.5,1.52,32.1,55,2.06
2025-12-04 22:03:25,3,49.68,55.59,0.77,86.84,250.88,1.54,26.1,78,1.03
2025-12-04 22:04:56,3,49.68,55.59,0.77,86.84,250.88,1.54,26.1,78,1.03
2025-12-04 22:08:24,3,49.68,55.59,0.77,86.84,250.88,1.54,26.1,78,1.03
2025-12-04 22:20:54,3,49.68,55.59,0.77,86.84,250.88,1.54,25.1,83,1.03
2025-12-04 22:23:21,3,49.68,55.59,0.77,86.84,250.88,1.54,25.1,83,1.03
2025-12-04 22:24:55,3,49.68,55.59,0.77,86.84,250.88,1.54,25.1,83,1.03
2025-12-04 22:28:21,3,49.68,55.59,0.77,86.84,250.88,1.54,25.1,83,1.03
2025-12-04 22:29:53,3,49.68,55.59,0.77,86.84,250.88,1.54,25.1,83,1.03
2025-12-04 22:33:21,3,49.68,55.59,0.77,86.84,250.88,1.54,25.1,83,1.03
2025-12-04 22:34:54,3,49.68,55.59,0.77,86.84,250.88,1.54,25.1,83,1.03
2025-12-05 01:36:45,4,53.23,60.32,1.46,67.66,328.53,1.14,23.1,88,1.03
2025-12-05 01:38:21,4,53.23,60.32,1.46,67.66,328.53,1.14,23.1,88,1.03
2025-12-05 01:39:53,4,53.23,60.32,1.46,67.66,328.53,1.14,23.1,88,1.03
2025-12-05 01:43:21,4,53.23,60.32,1.46,67.66,328.53,1.14,23.1,88,1.03
2025-12-05 01:44:53,4,53.23,60.32,1.46,67.66,328.53,1.14,23.1,88,1.03
2025-12-05 01:48:21,4,53.23,60.32,1.46,67.66,328.53,1.14,23.1,88,1.03
2025-12-05 01:49:53,4,53.23,60.32,1.46,67.66,328.53,1.14,23.1,88,1.03
2025-12-05 04:53:37,4,54.08,62.21,2.22,49.31,403.76,1.19,21.1,94,1.54
2025-12-05 04:54:54,4,54.08,62.21,2.22,49.31,403.76,1.19,21.1,94,1.54
2025-12-05 04:58:21,4,54.08,62.21,2.22,49.31,403.76,1.19,21.1,94,1.54
2025-12-05 04:59:54,4,54.08,62.21,2.22,49.31,403.76,1.19,21.1,94,1.54
2025-12-05 05:03:21,4,54.08,62.21,2.22,49.31,403.76,1.19,21.1,94,1.54
2025-12-05 05:05:20,4,54.08,62.21,2.22,49.31,403.76,1.19,21.1,94,1.54
2025-12-05 05:08:41,4,51.36,59.37,2.29,46.52,397.93,1.1,21.1,94,1.54
2025-12-05 05:10:00,4,51.36,59.37,2.29,46.52,397.93,1.1,21.1,94,1.54
2025-12-05 05:13:28,4,51.36,59.37,2.29,46.52,397.93,1.1,21.1,94,1.54
2025-12-05 05:14:58,4,51.36,59.37,2.29,46.52,397.93,1.1,21.1,94,1.54
2025-12-05 05:18:22,4,51.36,59.37,2.29,46.52,397.93,1.1,21.1,94,1.54
2025-12-05 05:19:55,4,51.36,59.37,2.29,46.52,397.93,1.1,21.1,94,1.54
2025-12-05 05:23:26,4,51.36,59.37,2.29,46.52,397.93,1.1,21.1,94,1.54
2025-12-05 05:24:56,4,51.36,59.37,2.29,46.52,397.93,1.1,21.1,94,1.54
2025-12-05 05:28:21,4,51.36,59.37,2.29,46.52,397.93,1.1,21.1,94,1.54
2025-12-05 05:29:54,4,51.36,59.37,2.29,46.52,397.93,1.1,21.1,94,1.54
2025-12-05 08:27:44,3,44.75,52.37,2.9,45.23,374.2,1.4,23.1,88,1.03
2025-12-05 08:28:21,3,44.75,52.37,2.9,45.23,374.2,1.4,23.1,88,1.03
2025-12-05 08:29:57,3,44.75,52.37,2.9,45.23,374.2,1.4,23.1,88,1.03
2025-12-05 08:33:23,3,44.75,52.37,2.9,45.23,374.2,1.4,23.1,88,1.03
2025-12-05 08:34:55,3,44.75,52.37,2.9,45.23,374.2,1.4,23.1,88,1.03
2025-12-05 08:38:23,3,44.75,52.37,2.9,45.23,374.2,1.4,24.1,88,1.03
2025-12-05 08:39:57,3,44.75,52.37,2.9,45.23,374.2,1.4,24.1,88,1.03
2025-12-05 08:43:23,3,44.75,52.37,2.9,45.23,374.2,1.4,24.1,88,1.03
2025-12-05 08:44:55,3,44.75,52.37,2.9,45.23,374.2,1.4,24.1,88,1.03
2025-12-05 08:48:23,3,44.75,52.37,2.9,45.23,374.2,1.4,24.1,88,1.03
2025-12-05 08:49:54,3,44.75,52.37,2.9,45.23,374.2,1.4,24.1,88,1.03
2025-12-05 08:53:23,3,44.75,52.37,2.9,45.23,374.2,1.4,24.1,88,1.03
2025-12-05 08:54:54,3,44.75,52.37,2.9,45.23,374.2,1.4,24.1,88,1.03
2025-12-05 08:58:23,3,44.75,52.37,2.9,45.23,374.2,1.4,24.1,88,1.03
2025-12-05 08:59:54,3,44.75,52.37,2.9,45.23,374.2,1.4,24.1,88,1.03
2025-12-05 09:03:23,3,44.75,52.37,2.9,45.23,374.2,1.4,24.1,88,1.03
2025-12-05 09:04:54,3,44.75,52.37,2.9,45.23,374.2,1.4,24.1,88,1.03
2025-12-05 09:08:23,3,44.75,52.37,2.9,45.23,374.2,1.4,24.1,88,1.03
2025-12-05 09:09:55,3,45.94,53.56,2.57,55.18,370.31,1.67,25.1,83,1.54
2025-12-05 09:13:23,3,45.94,53.56,2.57,55.18,370.31,1.67,25.1,83,1.54
2025-12-05 09:18:22,3,45.94,53.56,2.57,55.18,370.31,1.67,25.1,83,1.54
2025-12-05 09:19:55,3,45.94,53.56,2.57,55.18,370.31,1.67,25.1,83,1.54
2025-12-05 09:23:21,3,45.94,53.56,2.57,55.18,370.31,1.67,25.1,83,1.54
2025-12-05 12:34:55,4,61.12,69.53,1.1,98.85,351.51,2.05,31.1,58,1.54
2025-12-05 12:38:22,4,61.12,69.53,1.1,98.85,351.51,2.05,31.1,58,1.54
2025-12-05 12:41:17,4,61.12,69.53,1.1,98.85,351.51,2.05,31.1,58,1.54
2025-12-05 12:43:22,4,61.12,69.53,1.1,98.85,351.51,2.05,31.1,58,1.54
2025-12-05 12:44:54,4,61.12,69.53,1.1,98.85,351.51,2.05,31.1,58,1.54
2025-12-05 12:48:22,4,61.12,69.53,1.1,98.85,351.51,2.05,31.1,58,1.54
2025-12-05 17:13:22,4,64.23,73.3,1.21,112.42,310.76,1.76,31.1,58,1.03
2025-12-05 17:14:54,4,64.23,73.3,1.21,112.42,310.76,1.76,31.1,58,1.03
2025-12-05 17:18:21,4,64.23,73.3,1.21,112.42,310.76,1.76,31.1,58,1.03
2025-12-05 17:19:54,4,64.23,73.3,1.21,112.42,310.76,1.76,31.1,58,1.03
2025-12-05 17:23:21,4,64.23,73.3,1.21,112.42,310.76,1.76,31.1,58,1.03
2025-12-05 17:24:54,4,64.23,73.3,1.21,112.42,310.76,1.76,31.1,58,1.03
2025-12-05 17:28:25,4,64.23,73.3,1.21,112.42,310.76,1.76,31.1,58,1.03
2025-12-05 17:29:54,4,64.23,73.3,1.21,112.42,310.76,1.76,31.1,58,1.03
2025-12-05 17:33:24,4,64.23,73.3,1.21,112.42,310.76,1.76,31.1,58,1.03
2025-12-05 17:34:54,4,64.23,73.3,1.21,112.42,310.76,1.76,31.1,58,1.03
2025-12-05 17:38:21,4,64.23,73.3,1.21,112.42,310.76,1.76,31.1,58,1.03
2025-12-05 17:39:54,4,64.23,73.3,1.21,112.42,310.76,1.76,30.1,62,1.03
2025-12-05 17:43:21,4,64.23,73.3,1.21,112.42,310.76,1.76,30.1,62,1.03
2025-12-05 17:44:54,4,64.23,73.3,1.21,112.42,310.76,1.76,30.1,62,1.03
2025-12-05 17:48:21,4,64.23,73.3,1.21,112.42,310.76,1.76,30.1,62,1.03
2025-12-05 17:49:58,4,64.23,73.3,1.21,112.42,310.76,1.76,30.1,62,1.03
2025-12-05 17:53:21,4,64.23,73.3,1.21,112.42,310.76,1.76,30.1,62,1.03
2025-12-05 17:54:53,4,64.23,73.3,1.21,112.42,310.76,1.76,30.1,62,1.03
2025-12-05 17:58:21,4,64.23,73.3,1.21,112.42,310.76,1.76,30.1,62,1.03
2025-12-05 17:59:54,4,64.23,73.3,1.21,112.42,310.76,1.76,30.1,62,1.03
2025-12-05 18:03:22,4,64.23,73.3,1.21,112.42,310.76,1.76,30.1,62,1.03
2025-12-05 18:04:53,4,64.23,73.3,1.21,112.42,310.76,1.76,30.1,62,1.03
2025-12-05 18:08:21,4,64.23,73.3,1.21,112.42,310.76,1.76,30.1,62,1.03
2025-12-05 18:09:54,4,60.01,68.43,1.11,108.68,298.4,1.72,29.1,74,1.03
2025-12-05 18:13:21,4,60.01,68.43,1.11,108.68,298.4,1.72,29.1,74,1.03
2025-12-05 18:14:54,4,60.01,68.43,1.11,108.68,298.4,1.72,29.1,74,1.03
2025-12-05 18:18:21,4,60.01,68.43,1.11,108.68,298.4,1.72,29.1,74,1.03
2025-12-05 18:19:53,4,60.01,68.43,1.11,108.68,298.4,1.72,29.1,74,1.03
2025-12-05 21:23:46,3,46.13,52.49,0.98,91.28,274.81,1.4,27.1,78,1.03
2025-12-05 21:24:55,3,46.13,52.49,0.98,91.28,274.81,1.4,27.1,78,1.03
2025-12-05 21:28:23,3,46.13,52.49,0.98,91.28,274.81,1.4,27.1,78,1.03
2025-12-05 21:29:55,3,46.13,52.49,0.98,91.28,274.81,1.4,27.1,78,1.03
2025-12-05 21:33:23,3,46.13,52.49,0.98,91.28,274.81,1.4,27.1,78,1.03
2025-12-05 21:46:36,3,46.13,52.49,0.98,91.28,274.81,1.4,26.1,83,1.03
2025-12-05 21:48:23,3,46.13,52.49,0.98,91.28,274.81,1.4,26.1,83,1.03
2025-12-05 21:49:55,3,46.13,52.49,0.98,91.28,274.81,1.4,26.1,83,1.03
2025-12-05 21:53:23,3,46.13,52.49,0.98,91.28,274.81,1.4,26.1,83,1.03
2025-12-05 21:54:57,3,46.13,52.49,0.98,91.28,274.81,1.4,26.1,83,1.03
2025-12-05 21:58:22,3,46.13,52.49,0.98,91.28,274.81,1.4,26.1,83,1.03
2025-12-05 21:59:54,3,46.13,52.49,0.98,91.28,274.81,1.4,26.1,83,1.03
2025-12-05 22:03:22,3,46.13,52.49,0.98,91.28,274.81,1.4,26.1,83,1.03
2025-12-05 22:33:04,3,45.9,52.49,1.18,85.02,290.94,1.26,26.1,83,1.03
2025-12-05 22:33:22,3,45.9,52.49,1.18,85.02,290.94,1.26,26.1,83,1.03
2025-12-05 22:34:56,3,45.9,52.49,1.18,85.02,290.94,1.26,26.1,83,1.03
2025-12-05 22:38:22,3,45.9,52.49,1.18,85.02,290.94,1.26,26.1,83,1.03
2025-12-05 22:39:54,3,45.9,52.49,1.18,85.02,290.94,1.26,26.1,83,1.03
2025-12-05 22:43:22,3,45.9,52.49,1.18,85.02,290.94,1.26,26.1,83,1.03
2025-12-05 22:44:54,3,45.9,52.49,1.18,85.02,290.94,1.26,26.1,83,1.03
2025-12-05 22:48:22,3,45.9,52.49,1.18,85.02,290.94,1.26,26.1,83,1.03
2025-12-05 22:49:54,3,45.9,52.49,1.18,85.02,290.94,1.26,26.1,83,1.03
2025-12-05 23:35:50,3,46.38,53.44,1.42,78.3,312.43,1.08,25.1,83,1.03
2025-12-05 23:38:22,3,46.38,53.44,1.42,78.3,312.43,1.08,25.1,83,1.03
2025-12-05 23:39:54,3,46.38,53.44,1.42,78.3,312.43,1.08,25.1,83,1.03
2025-12-05 23:43:23,3,46.38,53.44,1.42,78.3,312.43,1.08,25.1,83,1.03
2025-12-05 23:44:58,3,46.38,53.44,1.42,78.3,312.43,1.08,25.1,83,1.03
2025-12-05 23:48:22,3,46.38,53.44,1.42,78.3,312.43,1.08,25.1,83,1.03
2025-12-05 23:49:56,3,46.38,53.44,1.42,78.3,312.43,1.08,25.1,83,1.03
2025-12-05 23:53:22,3,46.38,53.44,1.42,78.3,312.43,1.08,25.1,83,1.03
2025-12-05 23:54:54,3,46.38,53.44,1.42,78.3,312.43,1.08,25.1,83,1.03
2025-12-05 23:58:22,3,46.38,53.44,1.42,78.3,312.43,1.08,25.1,83,1.03
2025-12-05 23:59:55,3,46.38,53.44,1.42,78.3,312.43,1.08,25.1,83,1.03
2025-12-06 00:03:22,3,46.81,54.37,1.7,70.65,338.2,0.92,25.1,83,1.03
2025-12-06 00:04:55,3,46.81,54.37,1.7,70.65,338.2,0.92,25.1,83,1.03
2025-12-06 00:08:22,3,46.81,54.37,1.7,70.65,338.2,0.92,25.1,83,1.03
2025-12-06 00:09:55,3,46.81,54.37,1.7,70.65,338.2,0.92,25.1,83,1.03
2025-12-06 00:13:22,3,46.81,54.37,1.7,70.65,338.2,0.92,25.1,83,1.03
2025-12-06 00:14:54,3,46.81,54.37,1.7,70.65,338.2,0.92,25.1,83,1.03
2025-12-06 00:18:23,3,46.81,54.37,1.7,70.65,338.2,0.92,25.1,83,1.03
2025-12-06 00:19:55,3,46.81,54.37,1.7,70.65,338.2,0.92,25.1,83,1.03
2025-12-06 00:23:23,3,46.81,54.37,1.7,70.65,338.2,0.92,25.1,83,1.03
2025-12-06 00:24:55,3,46.81,54.37,1.7,70.65,338.2,0.92,25.1,83,1.03
2025-12-06 00:28:23,3,46.81,54.37,1.7,70.65,338.2,0.92,25.1,83,1.03
2025-12-06 00:29:54,3,46.81,54.37,1.7,70.65,338.2,0.92,25.1,83,1.03
2025-12-06 00:33:22,3,46.81,54.37,1.7,70.65,338.2,0.92,25.1,83,1.03
2025-12-06 00:34:55,3,46.81,54.37,1.7,70.65,338.2,0.92,25.1,83,1.03
2025-12-06 00:38:23,3,46.81,54.37,1.7,70.65,338.2,0.92,25.1,83,1.03
2025-12-06 00:39:55,3,46.81,54.37,1.7,70.65,338.2,0.92,25.1,83,1.03
2025-12-06 00:43:23,3,46.81,54.37,1.7,70.65,338.2,0.92,24.1,94,1.03
2025-12-06 00:44:55,3,46.81,54.37,1.7,70.65,338.2,0.92,24.1,94,1.03
2025-12-06 00:48:23,3,46.81,54.37,1.7,70.65,338.2,0.92,24.1,94,1.03
2025-12-06 00:49:56,3,46.81,54.37,1.7,70.65,338.2,0.92,24.1,94,1.03
2025-12-06 13:48:25,4,60.01,68.81,0.85,96.71,352.2,1.3,31.1,66,1.03
2025-12-06 13:53:22,4,60.01,68.81,0.85,96.71,352.2,1.3,31.1,66,1.03
2025-12-06 13:58:24,4,60.01,68.81,0.85,96.71,352.2,1.3,31.1,66,1.03
2025-12-06 14:03:24,4,62.24,70.99,0.78,101.62,340.4,1.22,31.1,66,1.03
2025-12-06 14:08:24,4,62.24,70.99,0.78,101.62,340.4,1.22,31.1,66,1.03
2025-12-06 14:13:24,4,62.24,70.99,0.78,101.62,340.4,1.22,31.1,66,1.03
2025-12-06 14:18:23,4,62.24,70.99,0.78,101.62,340.4,1.22,31.1,66,2.06
2025-12-06 14:23:24,4,62.24,70.99,0.78,101.62,340.4,1.22,31.1,66,2.06
2025-12-06 14:28:23,4,62.24,70.99,0.78,101.62,340.4,1.22,31.1,66,2.06
2025-12-06 14:33:24,4,62.24,70.99,0.78,101.62,340.4,1.22,31.1,66,2.06
2025-12-06 14:38:23,4,62.24,70.99,0.78,101.62,340.4,1.22,31.1,66,2.06
2025-12-06 14:43:24,4,62.24,70.99,0.78,101.62,340.4,1.22,32.1,62,1.03
2025-12-06 14:48:21,4,62.24,70.99,0.78,101.62,340.4,1.22,32.1,62,1.03
2025-12-06 14:53:21,4,62.24,70.99,0.78,101.62,340.4,1.22,32.1,62,1.03
2025-12-06 14:58:21,4,62.24,70.99,0.78,101.62,340.4,1.22,32.1,62,1.03
2025-12-06 15:03:21,4,62.24,70.99,0.78,101.62,340.4,1.22,32.1,62,1.03
2025-12-06 15:08:21,4,62.16,70.53,0.76,104.05,329.67,1.11,34.1,62,1.03
2025-12-06 15:13:21,4,62.16,70.53,0.76,104.05,329.67,1.11,34.1,62,1.03
2025-12-06 15:18:21,4,62.16,70.53,0.76,104.05,329.67,1.11,34.1,62,1.03
2025-12-06 15:23:21,4,62.16,70.53,0.76,104.05,329.67,1.11,34.1,62,1.03
2025-12-06 15:28:21,4,62.16,70.53,0.76,104.05,329.67,1.11,34.1,62,1.03
2025-12-06 15:33:21,4,62.16,70.53,0.76,104.05,329.67,1.11,34.1,62,1.03
2025-12-06 15:38:21,4,62.16,70.53,0.76,104.05,329.67,1.11,34.11,62,1.03
2025-12-06 15:43:22,4,62.16,70.53,0.76,104.05,329.67,1.11,34.1,62,1.03
2025-12-06 15:48:21,4,62.16,70.53,0.76,104.05,329.67,1.11,34.1,62,1.03
2025-12-06 15:53:21,4,62.16,70.53,0.76,104.05,329.67,1.11,34.1,62,1.03
2025-12-06 15:58:22,4,62.16,70.53,0.76,104.05,329.67,1.11,34.1,62,1.03
2025-12-06 16:03:21,4,62.16,70.53,0.76,104.05,329.67,1.11,34.1,62,1.03
2025-12-06 16:08:22,4,60,67.68,0.78,103.85,321.32,0.96,34.11,62,1.03
2025-12-06 16:13:21,4,60,67.68,0.78,103.85,321.32,0.96,34.11,62,1.03
2025-12-06 16:18:21,4,60,67.68,0.78,103.85,321.32,0.96,34.1,62,1.03
2025-12-06 16:23:21,4,60,67.68,0.78,103.85,321.32,0.96,34.1,62,1.03
2025-12-06 16:28:21,4,60,67.68,0.78,103.85,321.32,0.96,34.1,62,1.03
2025-12-06 16:33:21,4,60,67.68,0.78,103.85,321.32,0.96,34.1,62,1.03
2025-12-06 16:38:21,4,60,67.68,0.78,103.85,321.32,0.96,34.1,62,1.03
2025-12-06 16:43:21,4,60,67.68,0.78,103.85,321.32,0.96,33.1,58,1.03
2025-12-06 16:48:21,4,60,67.68,0.78,103.85,321.32,0.96,33.1,58,1.03
2025-12-06 16:53:21,4,60,67.68,0.78,103.85,321.32,0.96,33.1,58,1.03
2025-12-06 16:58:21,4,60,67.68,0.78,103.85,321.32,0.96,33.1,58,1.03
2025-12-06 17:08:21,4,60,67.68,0.78,103.85,321.32,0.96,33.1,58,1.03
2025-12-06 17:13:21,4,57.41,64.45,0.81,101.47,318.5,0.82,32.1,66,1.03
2025-12-06 17:18:21,4,57.41,64.45,0.81,101.47,318.5,0.82,32.1,66,1.03
2025-12-06 17:23:22,4,57.41,64.45,0.81,101.47,318.5,0.82,32.1,66,1.03
2025-12-06 20:38:22,3,43.15,47.02,0.44,88.52,311.67,0.39,27.1,83,1.03
2025-12-06 20:39:23,3,43.15,47.02,0.44,88.52,311.67,0.39,27.1,83,1.03
2025-12-06 20:43:22,3,43.15,47.02,0.44,88.52,311.67,0.39,27.1,83,1.03
2025-12-06 23:45:37,3,40.44,43.72,0.35,83.36,313.97,0.26,25.1,83,1.03
2025-12-06 23:48:22,3,40.44,43.72,0.35,83.36,313.97,0.26,25.1,83,1.03
2025-12-06 23:49:24,3,40.44,43.72,0.35,83.36,313.97,0.26,25.1,83,1.03
2025-12-06 23:54:24,3,40.44,43.72,0.35,83.36,313.97,0.26,25.1,83,1.03
2025-12-07 09:59:25,3,38.46,45.24,1.71,55.3,366.99,0.67,27.1,78,2.57
2025-12-07 10:04:25,3,38.46,45.24,1.71,55.3,366.99,0.67,27.1,78,2.06
2025-12-07 10:09:25,3,38.46,45.24,1.71,55.3,366.99,0.67,27.1,78,2.06
2025-12-07 10:14:24,3,38.46,45.24,1.71,55.3,366.99,0.67,27.1,78,2.06
2025-12-07 10:19:24,3,38.46,45.24,1.71,55.3,366.99,0.67,27.1,78,2.06
2025-12-07 10:24:23,3,38.46,45.24,1.71,55.3,366.99,0.67,27.1,78,2.06
2025-12-07 10:29:27,3,38.46,45.24,1.71,55.3,366.99,0.67,27.1,78,2.06
2025-12-07 10:34:25,3,38.46,45.24,1.71,55.3,366.99,0.67,27.1,78,2.06
2025-12-07 10:39:23,3,38.46,45.24,1.71,55.3,366.99,0.67,27.1,78,2.06
2025-12-07 10:44:23,3,38.46,45.24,1.71,55.3,366.99,0.67,30.1,58,2.06
2025-12-07 10:49:24,3,38.46,45.24,1.71,55.3,366.99,0.67,30.1,58,2.06
2025-12-07 10:54:23,3,38.46,45.24,1.71,55.3,366.99,0.67,30.1,58,2.06
2025-12-07 10:59:23,3,37.78,44.53,1.57,62.38,338.56,0.85,30.1,58,2.06
2025-12-07 11:04:23,3,37.78,44.53,1.57,62.38,338.56,0.85,30.1,58,2.06
2025-12-07 11:09:23,3,37.78,44.53,1.57,62.38,338.56,0.85,30.1,58,2.06
2025-12-07 11:14:23,3,37.78,44.53,1.57,62.38,338.56,0.85,30.1,58,3.6
2025-12-07 11:19:23,3,37.78,44.53,1.57,62.38,338.56,0.85,30.1,58,3.6
2025-12-07 11:24:23,3,37.78,44.53,1.57,62.38,338.56,0.85,30.1,58,3.6
2025-12-07 11:29:23,3,37.78,44.53,1.57,62.38,338.56,0.85,30.1,58,3.6
2025-12-07 11:34:23,3,37.78,44.53,1.57,62.38,338.56,0.85,30.1,58,3.6
2025-12-07 11:39:23,3,37.78,44.53,1.57,62.38,338.56,0.85,31.1,51,3.6
2025-12-07 11:44:23,3,37.78,44.53,1.57,62.38,338.56,0.85,31.1,51,3.6
2025-12-07 11:49:23,3,37.78,44.53,1.57,62.38,338.56,0.85,31.1,51,3.6
2025-12-07 11:54:24,3,37.78,44.53,1.57,62.38,338.56,0.85,31.1,51,3.6
2025-12-07 11:59:24,3,39.24,46.26,1.6,69.42,327.11,1.08,31.1,51,3.6
2025-12-07 12:04:24,3,39.24,46.26,1.6,69.42,327.11,1.08,31.1,51,3.6
2025-12-07 13:54:24,3,41.28,48.56,1.65,75.41,324.59,1.26,32.1,62,1.54
2025-12-07 13:59:25,3,42.56,49.74,1.52,80.83,318.36,1.29,32.1,62,1.54
2025-12-07 14:04:25,3,42.56,49.74,1.52,80.83,318.36,1.29,32.1,62,1.54
2025-12-07 14:09:25,3,42.56,49.74,1.52,80.83,318.36,1.29,32.1,62,1.54
2025-12-07 14:14:28,3,42.56,49.74,1.52,80.83,318.36,1.29,33.1,52,3.09
2025-12-07 14:19:25,3,42.56,49.74,1.52,80.83,318.36,1.29,33.1,52,3.09
2025-12-07 14:24:25,3,42.56,49.74,1.52,80.83,318.36,1.29,33.1,52,3.09
2025-12-07 14:29:25,3,42.56,49.74,1.52,80.83,318.36,1.29,33.1,52,3.09
2025-12-07 14:34:25,3,42.56,49.74,1.52,80.83,318.36,1.29,33.1,52,3.09
2025-12-07 14:39:25,3,42.56,49.74,1.52,80.83,318.36,1.29,33.1,52,2.57
2025-12-07 14:44:23,3,42.56,49.74,1.52,80.83,318.36,1.29,33.1,52,2.57
2025-12-07 14:49:23,3,42.56,49.74,1.52,80.83,318.36,1.29,33.1,52,2.57
2025-12-07 14:54:23,3,42.56,49.74,1.52,80.83,318.36,1.29,33.1,52,2.57
2025-12-07 14:59:29,3,43.47,50.5,1.51,84.68,316.33,1.33,33.1,52,2.57
2025-12-07 15:04:24,3,43.47,50.5,1.51,84.68,316.33,1.33,33.1,52,2.57
2025-12-07 15:09:23,3,43.47,50.5,1.51,84.68,316.33,1.33,33.1,52,3.6
2025-12-07 15:14:24,3,43.47,50.5,1.51,84.68,316.33,1.33,33.1,52,3.6
2025-12-07 15:19:23,3,43.47,50.5,1.51,84.68,316.33,1.33,33.1,52,3.6
2025-12-07 15:24:23,3,43.47,50.5,1.51,84.68,316.33,1.33,33.1,52,3.6
2025-12-07 15:29:23,3,43.47,50.5,1.51,84.68,316.33,1.33,33.1,52,3.6
2025-12-07 15:34:23,3,43.47,50.5,1.51,84.68,316.33,1.33,33.1,52,3.6
2025-12-07 15:39:23,3,43.47,50.5,1.51,84.68,316.33,1.33,32.1,55,2.57
2025-12-07 15:44:23,3,43.47,50.5,1.51,84.68,316.33,1.33,32.1,55,2.57
2025-12-07 15:49:23,3,43.47,50.5,1.51,84.68,316.33,1.33,32.1,55,2.57
2025-12-07 15:54:23,3,43.47,50.5,1.51,84.68,316.33,1.33,32.1,55,2.57
2025-12-07 15:59:24,3,43.13,49.9,1.59,85.4,315.47,1.31,32.1,55,2.57
2025-12-07 16:04:23,3,43.13,49.9,1.59,85.4,315.47,1.31,32.1,55,2.57
2025-12-07 16:09:23,3,43.13,49.9,1.59,85.4,315.47,1.31,32.1,55,2.57
2025-12-07 16:14:23,3,43.13,49.9,1.59,85.4,315.47,1.31,31.1,66,2.06
2025-12-07 16:19:23,3,43.13,49.9,1.59,85.4,315.47,1.31,31.1,66,2.06
2025-12-07 16:24:23,3,43.13,49.9,1.59,85.4,315.47,1.31,31.1,66,2.06
2025-12-07 16:29:23,3,43.13,49.9,1.59,85.4,315.47,1.31,31.1,66,2.06
2025-12-07 16:34:23,3,43.13,49.9,1.59,85.4,315.47,1.31,31.1,66,2.06
2025-12-07 16:39:24,3,43.13,49.9,1.59,85.4,315.47,1.31,31.1,66,2.06
2025-12-07 16:44:23,3,43.13,49.9,1.59,85.4,315.47,1.31,31.1,66,2.06
2025-12-07 16:49:23,3,43.13,49.9,1.59,85.4,315.47,1.31,31.1,66,2.06
2025-12-07 16:54:23,3,43.13,49.9,1.59,85.4,315.47,1.31,31.1,66,2.06
2025-12-07 16:59:23,3,42.72,49.48,1.66,83.46,318.95,1.2,31.1,66,2.06
2025-12-07 17:04:23,3,42.72,49.48,1.66,83.46,318.95,1.2,31.1,66,2.06
2025-12-07 17:09:23,3,42.72,49.48,1.66,83.46,318.95,1.2,30.1,70,2.06
2025-12-07 17:14:23,3,42.72,49.48,1.66,83.46,318.95,1.2,30.1,70,2.06
2025-12-07 20:19:23,3,36.61,41.84,1.07,76.17,293.22,0.7,28.1,83,1.54
2025-12-07 20:24:24,3,36.61,41.84,1.07,76.17,293.22,0.7,28.1,83,1.54
2025-12-07 22:27:53,2,23.9,26.96,0.72,71.99,241.39,0.52,27.1,83,1.54
2025-12-07 22:29:24,2,23.9,26.96,0.72,71.99,241.39,0.52,27.1,83,1.54
2025-12-07 22:29:26,2,23.9,26.96,0.72,71.99,241.39,0.52,27.1,83,1.54
2025-12-07 22:34:24,2,23.9,26.96,0.72,71.99,241.39,0.52,27.1,83,1.54
2025-12-07 22:34:26,2,23.9,26.96,0.72,71.99,241.39,0.52,27.1,83,1.54
2025-12-07 22:39:25,2,23.9,26.96,0.72,71.99,241.39,0.52,25.43,68,2.73
2025-12-07 22:44:24,2,23.9,26.96,0.72,71.99,241.39,0.52,25.43,68,2.73
2025-12-07 22:44:26,2,23.9,26.96,0.72,71.99,241.39,0.52,25.43,68,2.73
2025-12-07 22:49:25,2,23.9,26.96,0.72,71.99,241.39,0.52,25.43,68,2.73
2025-12-07 22:54:24,2,23.9,26.96,0.72,71.99,241.39,0.52,25.43,68,2.73
2025-12-07 22:54:26,2,23.9,26.96,0.72,71.99,241.39,0.52,25.43,68,2.73
2025-12-07 22:59:24,2,23.9,26.96,0.72,71.99,241.39,0.52,25.43,68,2.73
2025-12-07 22:59:26,2,23.9,26.96,0.72,71.99,241.39,0.52,25.43,68,2.73
2025-12-07 23:04:25,2,18.7,20.99,0.63,69.76,223.03,0.43,24.55,68,2.8
2025-12-07 23:09:24,2,18.7,20.99,0.63,69.76,223.03,0.43,26.1,94,0
2025-12-07 23:09:26,2,18.7,20.99,0.63,69.76,223.03,0.43,26.1,94,0
2025-12-07 23:14:24,2,18.7,20.99,0.63,69.76,223.03,0.43,26.1,94,0
2025-12-07 23:14:26,2,18.7,20.99,0.63,69.76,223.03,0.43,26.1,94,0
2025-12-07 23:19:25,2,18.7,20.99,0.63,69.76,223.03,0.43,26.1,94,0
2025-12-07 23:24:24,2,18.7,20.99,0.63,69.76,223.03,0.43,26.1,94,0
2025-12-07 23:29:24,2,18.7,20.99,0.63,69.76,223.03,0.43,26.1,94,0
2025-12-07 23:29:26,2,18.7,20.99,0.63,69.76,223.03,0.43,26.1,94,0
2025-12-07 23:34:24,2,18.7,20.99,0.63,69.76,223.03,0.43,26.1,94,0
2025-12-07 23:39:25,2,18.7,20.99,0.63,69.76,223.03,0.43,26.1,94,0
2025-12-07 23:44:24,2,18.7,20.99,0.63,69.76,223.03,0.43,26.1,94,0
2025-12-07 23:44:26,2,18.7,20.99,0.63,69.76,223.03,0.43,26.1,94,4.12
2025-12-07 23:49:25,2,18.7,20.99,0.63,69.76,223.03,0.43,26.1,94,4.12
2025-12-07 23:54:24,2,18.7,20.99,0.63,69.76,223.03,0.43,26.1,94,4.12
2025-12-07 23:59:25,2,18.7,20.99,0.63,69.76,223.03,0.43,26.1,94,4.12
2025-12-08 00:04:25,2,17.24,19.3,0.57,68.22,216.29,0.38,26.1,94,4.12
2025-12-08 00:09:23,2,17.24,19.3,0.57,68.22,216.29,0.38,26.1,94,4.12
2025-12-08 00:09:25,2,17.24,19.3,0.57,68.22,216.29,0.38,26.1,94,4.12
2025-12-08 00:14:23,2,17.24,19.3,0.57,68.22,216.29,0.38,26.1,94,4.12
2025-12-08 00:14:25,2,17.24,19.3,0.57,68.22,216.29,0.38,26.1,94,4.12
2025-12-08 00:19:23,2,17.24,19.3,0.57,68.22,216.29,0.38,26.1,94,3.6
2025-12-08 00:19:25,2,17.24,19.3,0.57,68.22,216.29,0.38,26.1,94,3.6
2025-12-08 00:24:23,2,17.24,19.3,0.57,68.22,216.29,0.38,26.1,94,3.6
2025-12-08 00:24:24,2,17.24,19.3,0.57,68.22,216.29,0.38,26.1,94,3.6
2025-12-08 00:29:25,2,17.24,19.3,0.57,68.22,216.29,0.38,26.1,94,3.6
2025-12-08 00:34:24,2,17.24,19.3,0.57,68.22,216.29,0.38,26.1,94,3.6
2025-12-08 00:39:24,2,17.24,19.3,0.57,68.22,216.29,0.38,25.1,88,1.54
2025-12-08 00:39:26,2,17.24,19.3,0.57,68.22,216.29,0.38,25.1,88,1.54
2025-12-08 06:54:38,3,29.48,36.3,2.8,34.94,338.9,0.59,22.1,88,1.03
2025-12-08 06:59:24,3,29.73,36.78,3.36,33.91,340.95,0.92,22.1,88,1.03
2025-12-08 07:04:24,3,29.73,36.78,3.36,33.91,340.95,0.92,22.1,88,1.03
2025-12-08 07:04:26,3,29.73,36.78,3.36,33.91,340.95,0.92,22.1,88,1.03
2025-12-08 08:32:27,3,30.66,38.05,3.34,36.12,344.59,1.22,24.1,83,1.03
2025-12-08 08:34:24,3,30.66,38.05,3.34,36.12,344.59,1.22,24.1,83,1.03
2025-12-08 08:34:26,3,30.66,38.05,3.34,36.12,344.59,1.22,24.1,83,1.03
2025-12-08 08:39:24,3,30.66,38.05,3.34,36.12,344.59,1.22,24.1,83,1.03
2025-12-08 08:39:26,3,30.66,38.05,3.34,36.12,344.59,1.22,24.1,83,1.03
2025-12-08 10:17:34,3,37.94,45.79,2.16,64.93,330.54,1.59,27.1,69,3.09
2025-12-08 10:53:24,3,37.94,45.79,2.16,64.93,330.54,1.59,28.1,69,2.57
2025-12-08 10:58:22,3,37.94,45.79,2.16,64.93,330.54,1.59,28.1,69,2.57
2025-12-08 11:03:22,3,37.94,45.79,2.16,64.93,330.54,1.59,28.1,69,2.57
2025-12-08 11:08:22,3,41.92,49.59,1.51,79.49,307.56,1.63,29.1,65,2.57
2025-12-08 11:13:22,3,41.92,49.59,1.51,79.49,307.56,1.63,29.1,65,2.57
2025-12-08 11:18:22,3,41.92,49.59,1.51,79.49,307.56,1.63,29.1,65,2.57
2025-12-08 11:23:22,3,41.92,49.59,1.51,79.49,307.56,1.63,29.1,65,2.57
2025-12-08 11:28:22,3,41.92,49.59,1.51,79.49,307.56,1.63,29.1,65,2.57
2025-12-08 11:33:22,3,41.92,49.59,1.51,79.49,307.56,1.63,29.1,65,2.57
2025-12-08 11:38:22,3,41.92,49.59,1.51,79.49,307.56,1.63,29.1,65,2.57
2025-12-08 11:43:22,3,41.92,49.59,1.51,79.49,307.56,1.63,29.1,65,2.57
2025-12-08 11:48:22,3,41.92,49.59,1.51,79.49,307.56,1.63,30.1,62,2.06
2025-12-08 11:53:22,3,41.92,49.59,1.51,79.49,307.56,1.63,30.1,62,2.06
2025-12-08 15:50:54,3,33.98,37.83,0.59,82.95,273.18,0.59,32.1,62,2.06
2025-12-08 15:53:21,3,33.98,37.83,0.59,82.95,273.18,0.59,32.1,62,2.06
2025-12-08 15:58:26,3,33.98,37.83,0.59,82.95,273.18,0.59,32.1,62,2.06
2025-12-08 16:03:21,3,31.05,33.73,0.47,81.41,282.82,0.34,32.1,62,2.06
2025-12-08 16:08:44,3,31.05,33.73,0.47,81.41,282.82,0.34,32.1,62,1.54
2025-12-08 16:13:24,3,31.05,33.73,0.47,81.41,282.82,0.34,32.1,62,1.54
2025-12-08 16:18:22,3,31.05,33.73,0.47,81.41,282.82,0.34,32.1,62,1.54
2025-12-08 16:23:22,3,31.05,33.73,0.47,81.41,282.82,0.34,32.1,62,1.54
2025-12-08 16:28:23,3,31.05,33.73,0.47,81.41,282.82,0.34,32.1,62,1.54
2025-12-08 16:33:22,3,31.05,33.73,0.47,81.41,282.82,0.34,32.1,62,1.54
2025-12-08 16:38:21,3,31.05,33.73,0.47,81.41,282.82,0.34,32.1,62,1.54
2025-12-08 16:43:21,3,31.05,33.73,0.47,81.41,282.82,0.34,32.1,62,1.54
2025-12-08 16:48:22,3,31.05,33.73,0.47,81.41,282.82,0.34,31.1,58,1.54
2025-12-08 16:53:21,3,31.05,33.73,0.47,81.41,282.82,0.34,31.1,58,1.54
2025-12-08 16:58:21,3,31.05,33.73,0.47,81.41,282.82,0.34,31.1,58,1.54
2025-12-08 17:03:22,3,31.21,33.78,0.49,81.22,292.43,0.25,31.1,58,1.54
2025-12-08 17:08:32,3,31.21,33.78,0.49,81.22,292.43,0.25,31.1,58,1.54
2025-12-08 17:13:21,3,31.21,33.78,0.49,81.22,292.43,0.25,30.1,62,1.54
2025-12-08 17:48:23,3,31.21,33.78,0.49,81.22,292.43,0.25,30.1,62,1.54
2025-12-08 21:03:22,3,33.02,36.71,0.31,83.13,292.79,0.17,27.1,78,1.54
2025-12-08 21:08:27,3,33.02,36.71,0.31,83.13,292.79,0.17,27.1,78,1.54
2025-12-08 21:53:34,3,33.02,36.71,0.31,83.13,292.79,0.17,27.1,78,1.54
2025-12-08 21:58:24,3,33.02,36.71,0.31,83.13,292.79,0.17,27.1,78,1.54
2025-12-08 22:03:23,3,33.02,36.71,0.31,83.13,292.79,0.17,27.1,78,1.54
2025-12-08 22:08:29,3,32.37,35.88,0.27,83.6,296.05,0.15,26.1,83,1.54
2025-12-08 22:18:22,3,32.37,35.88,0.27,83.6,296.05,0.15,26.1,83,1.54
2025-12-08 22:23:23,3,32.37,35.88,0.27,83.6,296.05,0.15,26.1,83,1.54
2025-12-08 22:28:23,3,32.37,35.88,0.27,83.6,296.05,0.15,26.1,83,1.54
2025-12-08 22:33:22,3,32.37,35.88,0.27,83.6,296.05,0.15,26.1,83,1.54
2025-12-08 22:38:24,3,32.37,35.88,0.27,83.6,296.05,0.15,26.1,83,1.03
2025-12-08 22:43:23,3,32.37,35.88,0.27,83.6,296.05,0.15,26.1,83,1.03
2025-12-08 22:48:22,3,32.37,35.88,0.27,83.6,296.05,0.15,26.1,83,1.03
2025-12-09 01:54:08,3,30.83,34.15,0.23,83.49,297.49,0.12,25.1,83,1.54
2025-12-09 01:58:22,3,30.83,34.15,0.23,83.49,297.49,0.12,25.1,83,1.54
2025-12-09 02:03:22,3,31.01,34.4,0.22,82.63,297.69,0.12,25.1,83,1.54
2025-12-09 14:53:21,2,19.64,22.2,0.21,91.05,266.76,0.27,31.1,58,2.57
2025-12-09 14:58:21,2,19.64,22.2,0.21,91.05,266.76,0.27,31.1,58,2.57
2025-12-09 15:03:23,2,20.22,22.63,0.24,91.46,266.08,0.31,31.1,58,2.57
2025-12-09 15:08:21,2,20.22,22.63,0.24,91.46,266.08,0.31,31.1,58,2.57
2025-12-09 15:13:21,2,20.22,22.63,0.24,91.46,266.08,0.31,31.1,58,2.57
2025-12-09 15:18:22,2,20.22,22.63,0.24,91.46,266.08,0.31,30.1,62,1.54
2025-12-09 15:23:21,2,20.22,22.63,0.24,91.46,266.08,0.31,30.1,62,1.54
2025-12-09 15:28:21,2,20.22,22.63,0.24,91.46,266.08,0.31,30.1,62,1.54
2025-12-09 16:08:22,2,20.24,22.42,0.27,91.49,265.67,0.33,30.1,62,1.54
2025-12-09 16:13:22,2,20.24,22.42,0.27,91.49,265.67,0.33,30.1,62,1.54
2025-12-09 16:18:22,2,20.24,22.42,0.27,91.49,265.67,0.33,30.1,62,1.54
2025-12-09 16:23:22,2,20.24,22.42,0.27,91.49,265.67,0.33,30.1,62,1.54
2025-12-09 16:38:36,2,20.24,22.42,0.27,91.49,265.67,0.33,29.1,70,1.03
2025-12-09 16:43:22,2,20.24,22.42,0.27,91.49,265.67,0.33,29.1,70,1.03
2025-12-09 16:48:25,2,20.24,22.42,0.27,91.49,265.67,0.33,29.1,70,1.03
2025-12-09 16:53:22,2,20.24,22.42,0.27,91.49,265.67,0.33,29.1,70,1.03
2025-12-09 17:03:25,2,19.6,21.52,0.3,91.17,262.35,0.32,29.1,70,1.03
2025-12-09 17:08:22,2,19.6,21.52,0.3,91.17,262.35,0.32,29.1,70,1.03
2025-12-09 17:13:23,2,19.6,21.52,0.3,91.17,262.35,0.32,29.1,70,1.03
2025-12-09 20:28:23,2,16.79,18.23,0.24,89.31,234.31,0.27,27.1,89,1.03
2025-12-09 20:32:34,2,16.79,18.23,0.24,89.31,234.31,0.27,27.1,89,1.03
2025-12-09 20:33:22,2,16.79,18.23,0.24,89.31,234.31,0.27,27.1,89,1.03
2025-12-09 23:38:39,2,17.9,19.2,0.26,89.78,240.24,0.32,27.1,83,1.54
2025-12-09 23:42:34,2,17.9,19.2,0.26,89.78,240.24,0.32,27.1,83,1.54
2025-12-09 23:43:22,2,17.9,19.2,0.26,89.78,240.24,0.32,27.1,83,1.54
2025-12-09 23:47:33,2,17.9,19.2,0.26,89.78,240.24,0.32,27.1,83,1.54
2025-12-09 23:48:22,2,17.9,19.2,0.26,89.78,240.24,0.32,27.1,83,1.54
2025-12-10 08:42:34,3,28.66,34.98,1.95,67.46,431.8,1.1,25.1,73,1.54
2025-12-10 08:43:22,3,28.66,34.98,1.95,67.46,431.8,1.1,25.1,73,1.54
2025-12-10 08:47:33,3,28.66,34.98,1.95,67.46,431.8,1.1,25.1,73,1.54
2025-12-10 08:48:22,3,28.66,34.98,1.95,67.46,431.8,1.1,25.1,73,1.54
2025-12-10 08:52:33,3,28.66,34.98,1.95,67.46,431.8,1.1,25.1,73,1.54
2025-12-10 08:53:22,3,28.66,34.98,1.95,67.46,431.8,1.1,25.1,73,1.54
2025-12-10 08:57:33,3,28.66,34.98,1.95,67.46,431.8,1.1,25.1,73,1.54
2025-12-10 08:58:23,3,28.66,34.98,1.95,67.46,431.8,1.1,25.1,73,1.54
2025-12-10 09:02:33,3,28.66,34.98,1.95,67.46,431.8,1.1,25.1,73,1.54
2025-12-10 09:03:22,3,28.66,34.98,1.95,67.46,431.8,1.1,25.1,73,1.54
2025-12-10 09:07:34,3,29.87,35.92,1.57,77.32,419.17,1.24,26.1,69,1.03
2025-12-10 09:08:21,3,29.87,35.92,1.57,77.32,419.17,1.24,26.1,69,1.03
2025-12-10 09:12:33,3,29.87,35.92,1.57,77.32,419.17,1.24,26.1,69,1.03
2025-12-10 09:13:21,3,29.87,35.92,1.57,77.32,419.17,1.24,26.1,69,1.03
2025-12-10 09:17:33,3,29.87,35.92,1.57,77.32,419.17,1.24,26.1,69,1.03
2025-12-10 09:18:21,3,29.87,35.92,1.57,77.32,419.17,1.24,26.1,69,1.03
2025-12-10 09:22:33,3,29.87,35.92,1.57,77.32,419.17,1.24,26.1,69,1.03
2025-12-10 09:23:21,3,29.87,35.92,1.57,77.32,419.17,1.24,26.1,69,1.03
2025-12-10 09:27:34,3,29.87,35.92,1.57,77.32,419.17,1.24,26.1,69,1.03
2025-12-10 09:28:27,3,29.87,35.92,1.57,77.32,419.17,1.24,26.1,69,1.03
2025-12-10 09:32:33,3,29.87,35.92,1.57,77.32,419.17,1.24,26.1,69,1.03
2025-12-10 09:33:23,3,29.87,35.92,1.57,77.32,419.17,1.24,26.1,69,1.03
2025-12-10 09:37:34,3,29.87,35.92,1.57,77.32,419.17,1.24,26.1,69,1.03
2025-12-10 09:38:23,3,29.87,35.92,1.57,77.32,419.17,1.24,26.1,69,1.03
2025-12-10 09:42:34,3,29.87,35.92,1.57,77.32,419.17,1.24,26.1,69,2.06
2025-12-10 09:43:22,3,29.87,35.92,1.57,77.32,419.17,1.24,26.1,69,2.06
2025-12-10 09:47:33,3,29.87,35.92,1.57,77.32,419.17,1.24,26.1,69,2.06
2025-12-10 09:48:22,3,29.87,35.92,1.57,77.32,419.17,1.24,26.1,69,2.06
2025-12-10 10:06:37,3,27.71,31.67,0.7,91.95,332.7,1.03,26.11,69,2.06
2025-12-10 10:07:33,3,27.71,31.67,0.7,91.95,332.7,1.03,26.11,69,2.06
2025-12-10 10:08:22,3,27.71,31.67,0.7,91.95,332.7,1.03,27.1,69,3.09
2025-12-10 10:12:34,3,27.71,31.67,0.7,91.95,332.7,1.03,27.1,69,3.09
2025-12-10 10:13:22,3,27.71,31.67,0.7,91.95,332.7,1.03,27.1,69,3.09
2025-12-10 12:34:53,3,29.39,33.23,0.31,99.49,283.45,0.7,30.1,45,1.54
2025-12-10 12:37:33,3,29.39,33.23,0.31,99.49,283.45,0.7,30.1,45,1.54
2025-12-10 12:38:21,3,29.39,33.23,0.31,99.49,283.45,0.7,30.1,45,1.54
2025-12-10 12:42:33,3,29.39,33.23,0.31,99.49,283.45,0.7,30.1,45,1.54
2025-12-10 12:43:21,3,29.39,33.23,0.31,99.49,283.45,0.7,30.1,45,1.54
2025-12-10 12:47:33,3,29.39,33.23,0.31,99.49,283.45,0.7,30.1,45,1.54
2025-12-10 12:48:21,3,29.39,33.23,0.31,99.49,283.45,0.7,30.1,45,1.54
2025-12-10 12:52:33,3,29.39,33.23,0.31,99.49,283.45,0.7,30.1,45,1.54
2025-12-10 12:53:21,3,29.39,33.23,0.31,99.49,283.45,0.7,30.1,45,1.54
2025-12-10 12:57:33,3,29.39,33.23,0.31,99.49,283.45,0.7,30.1,45,1.54
2025-12-10 12:58:21,3,29.39,33.23,0.31,99.49,283.45,0.7,30.1,45,1.54
2025-12-10 13:02:33,3,29.39,33.23,0.31,99.49,283.45,0.7,30.1,45,1.54
2025-12-10 13:03:21,3,29.39,33.23,0.31,99.49,283.45,0.7,30.1,45,1.54
2025-12-10 13:07:37,3,30.53,34.37,0.28,101.45,273.72,0.66,30.1,45,2.06
2025-12-10 13:08:22,3,30.53,34.37,0.28,101.45,273.72,0.66,30.1,45,2.06
2025-12-10 13:12:33,3,30.53,34.37,0.28,101.45,273.72,0.66,30.1,45,2.06
2025-12-10 13:13:22,3,30.53,34.37,0.28,101.45,273.72,0.66,30.1,45,2.06
2025-12-10 13:17:33,3,30.53,34.37,0.28,101.45,273.72,0.66,30.1,45,2.06
2025-12-10 13:18:21,3,30.53,34.37,0.28,101.45,273.72,0.66,30.1,45,2.06
2025-12-10 13:22:33,3,30.53,34.37,0.28,101.45,273.72,0.66,30.1,45,2.06
2025-12-10 13:23:21,3,30.53,34.37,0.28,101.45,273.72,0.66,30.1,45,2.06
2025-12-10 13:27:33,3,30.53,34.37,0.28,101.45,273.72,0.66,30.1,45,2.06
2025-12-10 13:28:21,3,30.53,34.37,0.28,101.45,273.72,0.66,30.1,45,2.06
2025-12-10 13:32:33,3,30.53,34.37,0.28,101.45,273.72,0.66,30.1,45,2.06
2025-12-10 13:33:21,3,30.53,34.37,0.28,101.45,273.72,0.66,30.1,45,2.06
2025-12-10 13:37:33,3,30.53,34.37,0.28,101.45,273.72,0.66,30.1,45,2.06
2025-12-10 13:38:21,3,30.53,34.37,0.28,101.45,273.72,0.66,31.1,42,3.09
2025-12-10 13:42:33,3,30.53,34.37,0.28,101.45,273.72,0.66,31.1,42,3.09
2025-12-10 13:43:21,3,30.53,34.37,0.28,101.45,273.72,0.66,31.1,42,3.09
2025-12-10 13:47:33,3,30.53,34.37,0.28,101.45,273.72,0.66,31.1,42,3.09
2025-12-10 13:48:21,3,30.53,34.37,0.28,101.45,273.72,0.66,31.1,42,3.09
2025-12-10 13:52:33,3,30.53,34.37,0.28,101.45,273.72,0.66,31.1,42,3.09
2025-12-10 13:53:21,3,30.53,34.37,0.28,101.45,273.72,0.66,31.1,42,3.09
2025-12-10 13:57:34,3,30.53,34.37,0.28,101.45,273.72,0.66,31.1,42,3.09
2025-12-10 13:58:21,3,30.53,34.37,0.28,101.45,273.72,0.66,31.1,42,3.09
2025-12-10 14:02:34,3,30.53,34.37,0.28,101.45,273.72,0.66,31.1,42,3.09
2025-12-10 14:03:21,3,30.81,34.28,0.27,103.2,265.09,0.63,31.1,42,3.09
2025-12-10 14:07:33,3,30.81,34.28,0.27,103.2,265.09,0.63,31.1,42,3.09
2025-12-10 14:08:21,3,30.81,34.28,0.27,103.2,265.09,0.63,31.1,42,3.09
2025-12-10 14:12:33,3,30.81,34.28,0.27,103.2,265.09,0.63,31.1,42,2.57
2025-12-10 14:13:21,3,30.81,34.28,0.27,103.2,265.09,0.63,31.1,42,2.57
2025-12-10 14:17:33,3,30.81,34.28,0.27,103.2,265.09,0.63,31.1,42,2.57
2025-12-10 14:18:21,3,30.81,34.28,0.27,103.2,265.09,0.63,31.1,42,2.57
2025-12-10 14:22:33,3,30.81,34.28,0.27,103.2,265.09,0.63,31.1,42,2.57
2025-12-10 14:23:21,3,30.81,34.28,0.27,103.2,265.09,0.63,31.1,42,2.57
2025-12-10 14:32:33,3,30.81,34.28,0.27,103.2,265.09,0.63,31.1,42,2.57
2025-12-10 14:33:22,3,30.81,34.28,0.27,103.2,265.09,0.63,31.1,42,2.57
2025-12-10 14:37:34,3,30.81,34.28,0.27,103.2,265.09,0.63,31.1,42,2.57
2025-12-10 14:38:21,3,30.81,34.28,0.27,103.2,265.09,0.63,31.1,42,2.57
2025-12-10 14:42:33,3,30.81,34.28,0.27,103.2,265.09,0.63,31.1,42,2.57
2025-12-10 14:43:22,3,30.81,34.28,0.27,103.2,265.09,0.63,31.1,42,1.54
2025-12-10 14:47:33,3,30.81,34.28,0.27,103.2,265.09,0.63,31.1,42,1.54
2025-12-10 14:48:21,3,30.81,34.28,0.27,103.2,265.09,0.63,31.1,42,1.54
2025-12-10 15:48:25,3,30.34,33.28,0.28,104.94,257,0.61,30.1,51,2.06
2025-12-10 15:53:24,3,30.34,33.28,0.28,104.94,257,0.61,30.1,51,2.06
2025-12-10 15:58:23,3,30.34,33.28,0.28,104.94,257,0.61,30.1,51,2.06
2025-12-10 16:03:30,3,29.57,32.02,0.32,106.98,250.14,0.59,30.1,51,2.06
2025-12-10 16:08:23,3,29.57,32.02,0.32,106.98,250.14,0.59,30.1,51,2.06
2025-12-10 16:13:38,3,29.57,32.02,0.32,106.98,250.14,0.59,30.1,51,2.06
2025-12-10 16:18:24,3,29.57,32.02,0.32,106.98,250.14,0.59,30.1,51,1.54
2025-12-10 16:23:23,3,29.57,32.02,0.32,106.98,250.14,0.59,30.1,51,1.54
2025-12-10 16:29:21,3,29.57,32.02,0.32,106.98,250.14,0.59,30.1,51,1.54
2025-12-10 16:33:26,3,29.57,32.02,0.32,106.98,250.14,0.59,30.1,51,1.54
2025-12-10 16:38:32,3,29.57,32.02,0.32,106.98,250.14,0.59,30.1,51,1.54
2025-12-10 16:48:23,3,29.57,32.02,0.32,106.98,250.14,0.59,30.1,51,1.54
2025-12-10 16:53:27,3,29.57,32.02,0.32,106.98,250.14,0.59,30.1,51,1.54
2025-12-10 16:58:33,3,29.57,32.02,0.32,106.98,250.14,0.59,30.1,51,1.54
2025-12-10 17:03:25,3,28.88,31.02,0.36,107.73,245.03,0.58,30.1,51,1.54
2025-12-10 17:08:21,3,28.88,31.02,0.36,107.73,245.03,0.58,30.1,51,1.54
2025-12-10 20:53:23,3,27.43,29.3,0.41,107.88,243.25,0.84,25.1,73,1.54
2025-12-10 20:54:17,3,27.43,29.3,0.41,107.88,243.25,0.84,25.1,73,1.54
2025-12-10 20:58:22,3,27.43,29.3,0.41,107.88,243.25,0.84,25.1,73,1.54
2025-12-10 20:59:17,3,27.43,29.3,0.41,107.88,243.25,0.84,25.1,73,1.54
2025-12-10 21:03:23,3,27.43,29.3,0.41,107.88,243.25,0.84,25.1,73,1.54
2025-12-10 21:04:18,3,26.79,28.61,0.41,106.1,244.92,0.87,25.1,73,1.54
2025-12-10 21:08:25,3,26.79,28.61,0.41,106.1,244.92,0.87,25.1,73,1.03
2025-12-10 21:09:19,3,26.79,28.61,0.41,106.1,244.92,0.87,25.1,73,1.03
2025-12-10 21:13:23,3,26.79,28.61,0.41,106.1,244.92,0.87,25.1,73,1.03
2025-12-10 21:14:17,3,26.79,28.61,0.41,106.1,244.92,0.87,25.1,73,1.03
2025-12-10 21:18:22,3,26.79,28.61,0.41,106.1,244.92,0.87,25.1,73,1.03
2025-12-10 21:19:17,3,26.79,28.61,0.41,106.1,244.92,0.87,25.1,73,1.03
2025-12-10 21:49:06,3,26.79,28.61,0.41,106.1,244.92,0.87,25.1,73,1.03
2025-12-10 21:49:18,3,26.79,28.61,0.41,106.1,244.92,0.87,25.1,73,1.03
2025-12-10 21:53:28,3,26.79,28.61,0.41,106.1,244.92,0.87,25.1,73,1.03
2025-12-10 21:54:18,3,26.79,28.61,0.41,106.1,244.92,0.87,25.1,73,1.03
2025-12-10 21:58:31,3,26.79,28.61,0.41,106.1,244.92,0.87,25.1,73,1.03
2025-12-10 21:59:23,3,26.8,28.82,0.44,103.23,248.27,0.81,25.1,73,1.03
2025-12-10 22:03:26,3,26.8,28.82,0.44,103.23,248.27,0.81,25.1,73,1.03
2025-12-10 22:04:22,3,26.8,28.82,0.44,103.23,248.27,0.81,25.1,73,1.03
2025-12-10 22:08:21,3,26.8,28.82,0.44,103.23,248.27,0.81,25.1,73,1.03
2025-12-10 22:09:16,3,26.8,28.82,0.44,103.23,248.27,0.81,25.1,73,1.03
2025-12-10 22:13:22,3,26.8,28.82,0.44,103.23,248.27,0.81,25.1,73,1.03
2025-12-10 22:14:18,3,26.8,28.82,0.44,103.23,248.27,0.81,25.1,73,1.03
2025-12-10 22:18:22,3,26.8,28.82,0.44,103.23,248.27,0.81,25.1,73,1.03
2025-12-10 22:19:18,3,26.8,28.82,0.44,103.23,248.27,0.81,25.1,73,1.03
2025-12-10 22:23:22,3,26.8,28.82,0.44,103.23,248.27,0.81,25.1,73,1.03
2025-12-10 22:24:17,3,26.8,28.82,0.44,103.23,248.27,0.81,25.1,73,1.03
2025-12-10 22:28:22,3,26.8,28.82,0.44,103.23,248.27,0.81,25.1,73,1.03
2025-12-10 22:29:17,3,26.8,28.82,0.44,103.23,248.27,0.81,25.1,73,1.03
2025-12-10 22:33:22,3,26.8,28.82,0.44,103.23,248.27,0.81,25.1,73,1.03
2025-12-10 22:34:18,3,26.8,28.82,0.44,103.23,248.27,0.81,25.1,73,1.03
2025-12-10 22:38:22,3,26.8,28.82,0.44,103.23,248.27,0.81,25.1,73,1.03
2025-12-10 22:39:17,3,26.8,28.82,0.44,103.23,248.27,0.81,25.1,73,1.03
2025-12-10 22:43:22,3,26.8,28.82,0.44,103.23,248.27,0.81,25.1,73,1.03
2025-12-10 22:44:17,3,26.8,28.82,0.44,103.23,248.27,0.81,25.1,73,1.03
2025-12-10 22:48:22,3,26.8,28.82,0.44,103.23,248.27,0.81,25.1,73,1.03
2025-12-10 22:49:18,3,26.8,28.82,0.44,103.23,248.27,0.81,25.1,73,1.03
2025-12-10 22:53:22,3,26.8,28.82,0.44,103.23,248.27,0.81,25.1,73,1.03
2025-12-10 22:54:18,3,26.8,28.82,0.44,103.23,248.27,0.81,25.1,73,1.03
2025-12-10 22:58:22,3,26.8,28.82,0.44,103.23,248.27,0.81,25.1,73,1.03
2025-12-10 22:59:17,3,26.8,28.82,0.44,103.23,248.27,0.81,25.1,73,1.03
2025-12-10 23:03:23,3,27.71,30.16,0.49,99.25,257.02,0.72,25.1,73,1.03
2025-12-10 23:04:19,3,27.71,30.16,0.49,99.25,257.02,0.72,25.1,73,1.03
2025-12-10 23:08:24,3,27.71,30.16,0.49,99.25,257.02,0.72,25.1,73,1.03
2025-12-11 02:13:22,3,33.07,37.33,0.92,85.85,318.79,0.8,22.1,88,0
2025-12-11 02:14:17,3,33.07,37.33,0.92,85.85,318.79,0.8,22.1,88,0
2025-12-11 02:18:22,3,33.07,37.33,0.92,85.85,318.79,0.8,22.1,88,0
2025-12-11 02:19:17,3,33.07,37.33,0.92,85.85,318.79,0.8,22.1,88,0
2025-12-11 05:22:05,3,39.01,45.41,2.11,69.27,432.07,1.48,21.1,94,1.03
2025-12-11 05:23:21,3,39.01,45.41,2.11,69.27,432.07,1.48,21.1,94,1.03
2025-12-11 05:24:17,3,39.01,45.41,2.11,69.27,432.07,1.48,21.1,94,1.03
2025-12-11 05:28:22,3,39.01,45.41,2.11,69.27,432.07,1.48,21.1,94,1.03
2025-12-11 05:29:17,3,39.01,45.41,2.11,69.27,432.07,1.48,21.1,94,1.03
2025-12-11 08:23:24,3,38.51,46.47,3.59,52.36,504.7,2.11,22.1,78,1.03
2025-12-11 08:48:21,3,38.51,46.47,3.59,52.36,504.7,2.11,23.1,83,2.06
2025-12-11 08:49:17,3,38.51,46.47,3.59,52.36,504.7,2.11,23.1,83,2.06
2025-12-11 08:53:21,3,38.51,46.47,3.59,52.36,504.7,2.11,23.1,83,2.06
2025-12-11 08:54:17,3,38.51,46.47,3.59,52.36,504.7,2.11,23.1,83,2.06
2025-12-11 08:58:21,3,38.51,46.47,3.59,52.36,504.7,2.11,23.1,83,2.06
2025-12-11 08:59:17,3,38.51,46.47,3.59,52.36,504.7,2.11,23.1,83,2.06
2025-12-11 09:03:21,3,38.51,46.47,3.59,52.36,504.7,2.11,23.1,83,2.06
2025-12-11 09:04:17,3,38.51,46.47,3.59,52.36,504.7,2.11,23.1,83,2.06
2025-12-11 09:08:21,3,37.77,45.46,3.04,61.85,470.74,2.27,25.1,69,3.09
2025-12-11 09:09:16,3,37.77,45.46,3.04,61.85,470.74,2.27,25.1,69,3.09
2025-12-11 09:13:21,3,37.77,45.46,3.04,61.85,470.74,2.27,25.1,69,3.09
2025-12-11 09:14:16,3,37.77,45.46,3.04,61.85,470.74,2.27,25.1,69,3.09
2025-12-11 09:18:21,3,37.77,45.46,3.04,61.85,470.74,2.27,25.1,69,3.09
2025-12-11 09:19:17,3,37.77,45.46,3.04,61.85,470.74,2.27,25.1,69,3.09
2025-12-11 09:23:21,3,37.77,45.46,3.04,61.85,470.74,2.27,25.1,69,3.09
2025-12-11 09:24:16,3,37.77,45.46,3.04,61.85,470.74,2.27,25.1,69,3.09
2025-12-11 09:28:21,3,37.77,45.46,3.04,61.85,470.74,2.27,25.1,69,3.09
2025-12-11 09:29:17,3,37.77,45.46,3.04,61.85,470.74,2.27,25.1,69,3.09
2025-12-11 09:33:22,3,37.77,45.46,3.04,61.85,470.74,2.27,25.1,69,3.09
2025-12-11 09:34:17,3,37.77,45.46,3.04,61.85,470.74,2.27,25.1,69,3.09
2025-12-11 09:38:22,3,37.77,45.46,3.04,61.85,470.74,2.27,25.1,69,3.09
2025-12-11 09:39:17,3,37.77,45.46,3.04,61.85,470.74,2.27,25.1,69,3.09
2025-12-11 13:23:38,3,38.19,43.38,0.53,105.12,300.68,1.79,31.1,48,1.03
2025-12-11 13:24:18,3,38.19,43.38,0.53,105.12,300.68,1.79,31.1,48,1.03
2025-12-11 13:28:22,3,38.19,43.38,0.53,105.12,300.68,1.79,31.1,48,1.03
2025-12-11 13:29:17,3,38.19,43.38,0.53,105.12,300.68,1.79,31.1,48,1.03
2025-12-11 13:33:21,3,38.19,43.38,0.53,105.12,300.68,1.79,31.1,48,1.03
2025-12-11 13:34:17,3,38.19,43.38,0.53,105.12,300.68,1.79,31.1,48,1.03
2025-12-11 13:38:21,3,38.19,43.38,0.53,105.12,300.68,1.79,31.1,48,1.03
2025-12-11 13:39:16,3,38.19,43.38,0.53,105.12,300.68,1.79,31.1,48,1.03
2025-12-11 13:43:21,3,38.19,43.38,0.53,105.12,300.68,1.79,31.1,48,1.03
2025-12-11 13:44:17,3,38.19,43.38,0.53,105.12,300.68,1.79,31.1,48,1.03
2025-12-11 13:48:22,3,38.19,43.38,0.53,105.12,300.68,1.79,31.1,48,1.54
2025-12-11 13:49:17,3,38.19,43.38,0.53,105.12,300.68,1.79,31.1,48,1.54
2025-12-11 13:53:22,3,38.19,43.38,0.53,105.12,300.68,1.79,31.1,48,1.54
2025-12-11 13:54:19,3,38.19,43.38,0.53,105.12,300.68,1.79,31.1,48,1.54
2025-12-11 13:58:22,3,38.19,43.38,0.53,105.12,300.68,1.79,31.1,48,1.54
2025-12-11 13:59:18,3,38.88,43.88,0.48,107.56,290,1.78,31.1,48,1.54
2025-12-11 14:03:22,3,38.88,43.88,0.48,107.56,290,1.78,31.1,48,1.54
2025-12-11 14:04:17,3,38.88,43.88,0.48,107.56,290,1.78,31.1,48,1.54
2025-12-11 14:18:22,3,38.88,43.88,0.48,107.56,290,1.78,31.1,48,1.03
2025-12-11 14:19:17,3,38.88,43.88,0.48,107.56,290,1.78,31.1,48,1.03
2025-12-11 14:23:22,3,38.88,43.88,0.48,107.56,290,1.78,31.1,48,1.03
2025-12-11 14:24:17,3,38.88,43.88,0.48,107.56,290,1.78,31.1,48,1.03
2025-12-11 14:28:22,3,38.88,43.88,0.48,107.56,290,1.78,31.1,48,1.03
2025-12-11 14:29:17,3,38.88,43.88,0.48,107.56,290,1.78,31.1,48,1.03
2025-12-11 14:33:22,3,38.88,43.88,0.48,107.56,290,1.78,31.1,48,1.03
2025-12-11 14:34:17,3,38.88,43.88,0.48,107.56,290,1.78,31.1,48,1.03
2025-12-11 14:38:22,3,38.88,43.88,0.48,107.56,290,1.78,31.1,48,1.03
2025-12-11 14:39:17,3,38.88,43.88,0.48,107.56,290,1.78,31.1,48,1.03
2025-12-11 14:43:22,3,38.88,43.88,0.48,107.56,290,1.78,31.1,48,1.03
2025-12-11 14:44:17,3,38.88,43.88,0.48,107.56,290,1.78,31.1,48,1.03
2025-12-11 14:48:22,3,38.88,43.88,0.48,107.56,290,1.78,31.1,48,1.03
2025-12-11 14:49:18,3,38.88,43.88,0.48,107.56,290,1.78,31.1,48,1.03
2025-12-11 14:53:22,3,38.88,43.88,0.48,107.56,290,1.78,31.1,48,1.03
2025-12-11 14:54:17,3,38.88,43.88,0.48,107.56,290,1.78,31.1,48,1.03
2025-12-11 14:58:22,3,38.88,43.88,0.48,107.56,290,1.78,31.1,48,1.03
2025-12-11 14:59:18,3,38.83,43.58,0.47,109.1,281.44,1.84,31.1,48,1.03
2025-12-11 15:03:22,3,38.83,43.58,0.47,109.1,281.44,1.84,31.1,48,1.03
2025-12-11 15:04:17,3,38.83,43.58,0.47,109.1,281.44,1.84,31.1,48,1.03
2025-12-11 15:08:22,3,38.83,43.58,0.47,109.1,281.44,1.84,31.1,48,1.03
2025-12-11 15:09:17,3,38.83,43.58,0.47,109.1,281.44,1.84,31.1,48,1.03
2025-12-11 16:18:22,3,38.35,42.89,0.5,110.46,275.14,1.98,32.1,51,1.03
2025-12-11 16:19:17,3,38.35,42.89,0.5,110.46,275.14,1.98,32.1,51,1.03
2025-12-11 16:23:25,3,38.35,42.89,0.5,110.46,275.14,1.98,32.1,51,1.03
2025-12-11 16:24:17,3,38.35,42.89,0.5,110.46,275.14,1.98,32.1,51,1.03
2025-12-11 16:28:21,3,38.35,42.89,0.5,110.46,275.14,1.98,32.1,51,1.03
2025-12-11 16:29:17,3,38.35,42.89,0.5,110.46,275.14,1.98,32.1,51,1.03
2025-12-11 16:33:21,3,38.35,42.89,0.5,110.46,275.14,1.98,32.1,51,1.03
2025-12-11 16:34:22,3,38.35,42.89,0.5,110.46,275.14,1.98,32.1,51,1.03
2025-12-11 16:38:21,3,38.35,42.89,0.5,110.46,275.14,1.98,32.1,51,1.03
2025-12-11 16:39:17,3,38.35,42.89,0.5,110.46,275.14,1.98,32.1,51,1.03
2025-12-11 16:43:22,3,38.35,42.89,0.5,110.46,275.14,1.98,32.1,51,1.03
2025-12-11 16:44:16,3,38.35,42.89,0.5,110.46,275.14,1.98,32.1,51,1.03
2025-12-11 16:48:21,3,38.35,42.89,0.5,110.46,275.14,1.98,31.1,51,1.54
2025-12-11 16:49:16,3,38.35,42.89,0.5,110.46,275.14,1.98,31.1,51,1.54
2025-12-11 16:53:21,3,38.35,42.89,0.5,110.46,275.14,1.98,31.1,51,1.54
2025-12-11 16:54:17,3,38.35,42.89,0.5,110.46,275.14,1.98,31.1,51,1.54
2025-12-11 16:58:22,3,38.35,42.89,0.5,110.46,275.14,1.98,31.1,51,1.54
2025-12-11 17:03:21,3,38.55,43.06,0.58,111.66,275.31,2.16,31.1,51,1.54
2025-12-11 17:04:16,3,38.55,43.06,0.58,111.66,275.31,2.16,31.1,51,1.54
2025-12-11 17:08:21,3,38.55,43.06,0.58,111.66,275.31,2.16,31.1,51,1.54
2025-12-11 17:09:17,3,38.55,43.06,0.58,111.66,275.31,2.16,31.1,51,1.54
2025-12-11 20:08:24,3,36.15,40.24,0.54,112.07,264.14,2.95,27.1,69,1.03
2025-12-11 20:13:22,3,36.15,40.24,0.54,112.07,264.14,2.95,27.1,69,1.03
2025-12-11 20:18:22,3,36.15,40.24,0.54,112.07,264.14,2.95,27.1,69,1.03
2025-12-11 20:23:22,3,36.15,40.24,0.54,112.07,264.14,2.95,27.1,69,1.03
2025-12-11 20:28:22,3,36.15,40.24,0.54,112.07,264.14,2.95,27.1,69,1.03
2025-12-11 20:33:23,3,36.15,40.24,0.54,112.07,264.14,2.95,27.1,69,1.03
2025-12-11 20:38:22,3,36.15,40.24,0.54,112.07,264.14,2.95,27.1,69,1.03
2025-12-11 20:43:23,3,36.15,40.24,0.54,112.07,264.14,2.95,27.1,69,1.03
2025-12-11 20:48:22,3,36.15,40.24,0.54,112.07,264.14,2.95,27.1,69,1.03
2025-12-11 20:53:22,3,36.15,40.24,0.54,112.07,264.14,2.95,27.1,69,1.03
2025-12-11 20:58:22,3,36.15,40.24,0.54,112.07,264.14,2.95,27.1,69,1.03
2025-12-11 21:03:23,3,36.15,40.24,0.54,112.07,264.14,2.95,27.1,69,1.03
2025-12-12 00:05:53,3,36.64,41.99,0.82,91.36,302.25,1.7,24.1,83,1.03
2025-12-12 00:08:22,3,36.64,41.99,0.82,91.36,302.25,1.7,24.1,83,1.03
2025-12-12 00:13:22,3,36.64,41.99,0.82,91.36,302.25,1.7,24.1,83,1.03
2025-12-12 03:17:43,3,45.58,53.69,2.11,66.96,451.72,1.47,22.1,88,1.03
2025-12-12 03:18:21,3,45.58,53.69,2.11,66.96,451.72,1.47,22.1,88,1.03
2025-12-12 03:23:22,3,45.58,53.69,2.11,66.96,451.72,1.47,22.1,88,1.03
2025-12-12 06:29:41,3,45.87,53.9,3.12,49.61,515.28,1.62,21.1,94,1.54
2025-12-12 06:33:21,3,45.87,53.9,3.12,49.61,515.28,1.62,21.1,94,1.54
2025-12-12 06:38:24,3,45.87,53.9,3.12,49.61,515.28,1.62,21.1,94,1.54
2025-12-12 08:52:25,3,38.58,45.82,3.34,48.08,454.07,1.69,24.1,73,1.54
2025-12-12 08:53:22,3,38.58,45.82,3.34,48.08,454.07,1.69,24.1,73,1.54
2025-12-12 08:58:22,3,38.58,45.82,3.34,48.08,454.07,1.69,24.1,73,1.54
2025-12-12 09:03:28,3,37.52,44.62,2.75,57.96,424.86,1.82,24.1,73,1.54
2025-12-12 09:08:24,3,37.52,44.62,2.75,57.96,424.86,1.82,24.1,73,1.54
2025-12-12 09:13:23,3,37.52,44.62,2.75,57.96,424.86,1.82,24.1,73,1.54
